METATRYP_taxa_name,study_name,genome_name,sequencing_center,img_genome_id,tax_domain,tax_phylum,tax_class,tax_order,tax_family,tax_genus,tax_species,genome_size,gene_count,ncbi_id,ncbi_url,img_url
Aciduliprofundum_boonei_T469,CSP_300154_796307,Aciduliprofundum boonei T469,DOE Joint Genome Institute (JGI),646564501,Bacteria,Euryarchaeota,Unclassified Euryarchaeota,Unclassified Euryarchaeota,Unclassified Euryarchaeota,Aciduliprofundum,Aciduliprofundum boonei,1486778,1587,439481,http://www.ncbi.nlm.nih.gov/Taxonomy/Browser/wwwtax.cgi?id=439481,https://img.jgi.doe.gov/cgi-bin/m/main.cgi?section=TaxonDetail&page=taxonDetail&taxon_oid=646564501
Alcanivorax_sp_DG881,Alcanivorax sp. DG881,Alcanivorax sp. DG881,J. Craig Venter Institute (JCVI),647533109,Bacteria,Proteobacteria,Gammaproteobacteria,Oceanospirillales,Alcanivoracaceae,Alcanivorax,Unclassified Alcanivorax,3804728,3384,236097,http://www.ncbi.nlm.nih.gov/Taxonomy/Browser/wwwtax.cgi?id=236097,https://img.jgi.doe.gov/cgi-bin/m/main.cgi?section=TaxonDetail&page=taxonDetail&taxon_oid=647533109
Algoriphagus_machipongonensis_PR1,Algoriphagus machipongonensis PR1,Algoriphagus machipongonensis PR1,"Broad Institute, J. Craig Venter Institute (JCVI)",640612202,Bacteria,Bacteroidetes,Cytophagia,Cytophagales,Cyclobacteriaceae,Algoriphagus,Unclassified Algoriphagus,4776234,4265,388413,http://www.ncbi.nlm.nih.gov/Taxonomy/Browser/wwwtax.cgi?id=388413,https://img.jgi.doe.gov/cgi-bin/m/main.cgi?section=TaxonDetail&page=taxonDetail&taxon_oid=640612202
Alphaproteobacteria_sp_SAR11_HIMB5,Alphaproteobacteria sp. SAR11 HIMB5,Alphaproteobacteria sp. SAR11 HIMB5,J. Craig Venter Institute (JCVI),2503982040,Bacteria,Proteobacteria,Unclassified Proteobacteria,Unclassified Proteobacteria,Unclassified Proteobacteria,Unclassified Proteobacteria,Unclassified Proteobacteria,1343202,1467,28211,http://www.ncbi.nlm.nih.gov/Taxonomy/Browser/wwwtax.cgi?id=28211,https://img.jgi.doe.gov/cgi-bin/m/main.cgi?section=TaxonDetail&page=taxonDetail&taxon_oid=2503982040
Alteromonas_australica_H17,Alteromonas australica strain:H17 Genome sequencing,Alteromonas australica H17,University Miguel Hernandez,2585427644,Bacteria,Proteobacteria,Gammaproteobacteria,Alteromonadales,Alteromonadaceae,Alteromonas,Unclassified Alteromonas,4308833,3534,589873,http://www.ncbi.nlm.nih.gov/Taxonomy/Browser/wwwtax.cgi?id=589873,https://img.jgi.doe.gov/cgi-bin/m/main.cgi?section=TaxonDetail&page=taxonDetail&taxon_oid=2585427644
Alteromonas_macleodii_Black_Sea_11,"Alteromonas macleodii strains, University Miguel Hernandez, Spain",Alteromonas macleodii Black Sea 11,University Miguel Hernandez,2521172684,Bacteria,Proteobacteria,Gammaproteobacteria,Alteromonadales,Alteromonadaceae,Alteromonas,Alteromonas macleodii,4480507,3858,1004785,http://www.ncbi.nlm.nih.gov/Taxonomy/Browser/wwwtax.cgi?id=1004785,https://img.jgi.doe.gov/cgi-bin/m/main.cgi?section=TaxonDetail&page=taxonDetail&taxon_oid=2521172684
Alteromonas_macleodii_D7,Genome sequencing of Alteromonas species,Alteromonas macleodii D7,University Miguel Hernandez,2684623206,Bacteria,Proteobacteria,Gammaproteobacteria,Alteromonadales,Alteromonadaceae,Alteromonas,Unclassified Alteromonas,4575623,4125,28108,http://www.ncbi.nlm.nih.gov/Taxonomy/Browser/wwwtax.cgi?id=28108,https://img.jgi.doe.gov/cgi-bin/m/main.cgi?section=TaxonDetail&page=taxonDetail&taxon_oid=2684623206
Alteromonas_macleodii_DE,"Alteromonas macleodii strains, University Miguel Hernandez, Spain",Alteromonas macleodii DE,J. Craig Venter Institute (JCVI),642555105,Bacteria,Proteobacteria,Gammaproteobacteria,Alteromonadales,Alteromonadaceae,Alteromonas,Alteromonas mediterranea,4412282,4128,1774373,http://www.ncbi.nlm.nih.gov/Taxonomy/Browser/wwwtax.cgi?id=1774373,https://img.jgi.doe.gov/cgi-bin/m/main.cgi?section=TaxonDetail&page=taxonDetail&taxon_oid=642555105
Alteromonas_macleodii_HOT1A3,Alteromonas macleodii strain:HOT1A3 Genome sequencing and assembly,Alteromonas macleodii HOT1A3,University of Haifa,2687453488,Bacteria,Proteobacteria,Gammaproteobacteria,Alteromonadales,Alteromonadaceae,Alteromonas,Unclassified Alteromonas,4801807,4286,28108,http://www.ncbi.nlm.nih.gov/Taxonomy/Browser/wwwtax.cgi?id=28108,https://img.jgi.doe.gov/cgi-bin/m/main.cgi?section=TaxonDetail&page=taxonDetail&taxon_oid=2687453488
Alteromonas_macleodii_MIT1002,Alteromonas macleodii strain:MIT1002 genome sequencing,Alteromonas macleodii MIT1002,Massachusetts Institute of Technology,2645727836,Bacteria,Proteobacteria,Gammaproteobacteria,Alteromonadales,Alteromonadaceae,Alteromonas,Unclassified Alteromonas,4658017,4220,28108,http://www.ncbi.nlm.nih.gov/Taxonomy/Browser/wwwtax.cgi?id=28108,https://img.jgi.doe.gov/cgi-bin/m/main.cgi?section=TaxonDetail&page=taxonDetail&taxon_oid=2645727836
Alteromonas_macleodii_REDSEA-S09_B2,"Water column microbial communities from Red Sea, Saudi Arabia",Alteromonas macleodii REDSEA-S09_B2,King Abdullah University of Science and Technology,2651870151,Bacteria,Proteobacteria,Gammaproteobacteria,Alteromonadales,Alteromonadaceae,Alteromonas,Unclassified Alteromonas,4499197,4019,28108,http://www.ncbi.nlm.nih.gov/Taxonomy/Browser/wwwtax.cgi?id=28108,https://img.jgi.doe.gov/cgi-bin/m/main.cgi?section=TaxonDetail&page=taxonDetail&taxon_oid=2651870151
Alteromonas_macleodii_REDSEA-S12_B5,"Water column microbial communities from Red Sea, Saudi Arabia",Alteromonas macleodii REDSEA-S12_B5,King Abdullah University of Science and Technology,2651870153,Bacteria,Proteobacteria,Gammaproteobacteria,Alteromonadales,Alteromonadaceae,Alteromonas,Unclassified Alteromonas,2683795,3073,28108,http://www.ncbi.nlm.nih.gov/Taxonomy/Browser/wwwtax.cgi?id=28108,https://img.jgi.doe.gov/cgi-bin/m/main.cgi?section=TaxonDetail&page=taxonDetail&taxon_oid=2651870153
Alteromonas_macleodii_REDSEA-S15_B11,"Water column microbial communities from Red Sea, Saudi Arabia",Alteromonas macleodii REDSEA-S15_B11,King Abdullah University of Science and Technology,2651870155,Bacteria,Proteobacteria,Gammaproteobacteria,Alteromonadales,Alteromonadaceae,Alteromonas,Unclassified Alteromonas,3934793,4044,28108,http://www.ncbi.nlm.nih.gov/Taxonomy/Browser/wwwtax.cgi?id=28108,https://img.jgi.doe.gov/cgi-bin/m/main.cgi?section=TaxonDetail&page=taxonDetail&taxon_oid=2651870155
Alteromonas_mediterranea_DE,"Alteromonas macleodii strains, University Miguel Hernandez, Spain",Alteromonas mediterranea DE,J. Craig Venter Institute (JCVI),642555105,Bacteria,Proteobacteria,Gammaproteobacteria,Alteromonadales,Alteromonadaceae,Alteromonas,Alteromonas mediterranea,4412282,4128,1774373,http://www.ncbi.nlm.nih.gov/Taxonomy/Browser/wwwtax.cgi?id=1774373,https://img.jgi.doe.gov/cgi-bin/m/main.cgi?section=TaxonDetail&page=taxonDetail&taxon_oid=642555105
Alteromonas_sp_ALT199,Alteromonas ALT199,Alteromonas sp. ALT199,DOE Joint Genome Institute (JGI),2524614846,Bacteria,Proteobacteria,Gammaproteobacteria,Alteromonadales,Alteromonadaceae,Alteromonas,Unclassified Alteromonas,4635666,4040,1298865,http://www.ncbi.nlm.nih.gov/Taxonomy/Browser/wwwtax.cgi?id=1298865,https://img.jgi.doe.gov/cgi-bin/m/main.cgi?section=TaxonDetail&page=taxonDetail&taxon_oid=2524614846
Bacillus_sp_B14905,Bacillus sp. B14905,Bacillus sp. B14905,J. Craig Venter Institute (JCVI),640612200,Bacteria,Firmicutes,Bacilli,Bacillales,Bacillaceae,Bacillus,Unclassified Bacillus,4497271,4750,388400,http://www.ncbi.nlm.nih.gov/Taxonomy/Browser/wwwtax.cgi?id=388400,https://img.jgi.doe.gov/cgi-bin/m/main.cgi?section=TaxonDetail&page=taxonDetail&taxon_oid=640612200
Bacillus_sp_NRRL_B-14911,Bacillus sp. NRRL B-14911,Bacillus sp. NRRL B-14911,J. Craig Venter Institute (JCVI),638341014,Bacteria,Firmicutes,Bacilli,Bacillales,Bacillaceae,Bacillus,Unclassified Bacillus,5085825,5797,313627,http://www.ncbi.nlm.nih.gov/Taxonomy/Browser/wwwtax.cgi?id=313627,https://img.jgi.doe.gov/cgi-bin/m/main.cgi?section=TaxonDetail&page=taxonDetail&taxon_oid=638341014
Bacillus_sp_SG-1,Bacillus sp. SG-1,Bacillus sp. SG-1,J. Craig Venter Institute (JCVI),640963033,Bacteria,Firmicutes,Bacilli,Bacillales,Bacillaceae,Bacillus,Unclassified Bacillus,3948965,4428,161544,http://www.ncbi.nlm.nih.gov/Taxonomy/Browser/wwwtax.cgi?id=161544,https://img.jgi.doe.gov/cgi-bin/m/main.cgi?section=TaxonDetail&page=taxonDetail&taxon_oid=640963033
Beggiatoa_sp_Orange_Guaymas,Beggiatoa sp. Orange Guaymas,Beggiatoa sp. Orange Guaymas,J. Craig Venter Institute (JCVI),2502790011,Bacteria,Proteobacteria,Gammaproteobacteria,Thiotrichales,Thiotrichaceae,Beggiatoa,Unclassified Beggiatoa,4772184,5330,391602,http://www.ncbi.nlm.nih.gov/Taxonomy/Browser/wwwtax.cgi?id=391602,https://img.jgi.doe.gov/cgi-bin/m/main.cgi?section=TaxonDetail&page=taxonDetail&taxon_oid=2502790011
Brevundimonas_sp_BAL3,Brevundimonas sp. BAL3,Brevundimonas sp. BAL3,J. Craig Venter Institute (JCVI),647533115,Bacteria,Proteobacteria,Alphaproteobacteria,Caulobacterales,Caulobacteraceae,Brevundimonas,Unclassified Brevundimonas,3646072,3528,391600,http://www.ncbi.nlm.nih.gov/Taxonomy/Browser/wwwtax.cgi?id=391600,https://img.jgi.doe.gov/cgi-bin/m/main.cgi?section=TaxonDetail&page=taxonDetail&taxon_oid=647533115
Caminibacter_mediatlanticus_TB-2,Caminibacter mediatlanticus TB-2,Caminibacter mediatlanticus TB-2,J. Craig Venter Institute (JCVI),640963039,Bacteria,Proteobacteria,Epsilonproteobacteria,Nautiliales,Nautiliaceae,Caminibacter,Caminibacter mediatlanticus,1663618,1894,391592,http://www.ncbi.nlm.nih.gov/Taxonomy/Browser/wwwtax.cgi?id=391592,https://img.jgi.doe.gov/cgi-bin/m/main.cgi?section=TaxonDetail&page=taxonDetail&taxon_oid=640963039
Candidatus_Nitrosopelagicus_brevis_CN25,Candidatus Nitrosopelagicus brevis CN25,Candidatus Nitrosopelagicus brevis CN25,"Institute for Genome Sciences, University of Maryland School of Medicine",2630968793,Bacteria,Thaumarchaeota,Unclassified Thaumarchaeota,Unclassified Thaumarchaeota,Unclassified Thaumarchaeota,Candidatus Nitrosopelagicus,Unclassified Candidatus Nitrosopelagicus,1232128,1516,1410606,http://www.ncbi.nlm.nih.gov/Taxonomy/Browser/wwwtax.cgi?id=1410606,https://img.jgi.doe.gov/cgi-bin/m/main.cgi?section=TaxonDetail&page=taxonDetail&taxon_oid=2630968793
Candidatus_Pelagibacter_ubique_SAR11_HTCC1062,Candidatus Pelagibacter ubique SAR11 HTCC1062,Candidatus Pelagibacter ubique SAR11 HTCC1062,"Oregon State University, Verenium Corporation, University of California, San Diego",637000058,Bacteria,Proteobacteria,Alphaproteobacteria,Pelagibacterales,Pelagibacteraceae,Candidatus Pelagibacter,Candidatus Pelagibacter ubique,1308759,1394,335992,http://www.ncbi.nlm.nih.gov/Taxonomy/Browser/wwwtax.cgi?id=335992,https://img.jgi.doe.gov/cgi-bin/m/main.cgi?section=TaxonDetail&page=taxonDetail&taxon_oid=637000058
Carnobacterium_sp_AT7,Carnobacterium sp. AT7,Carnobacterium sp. AT7,J. Craig Venter Institute (JCVI),2501651209,Bacteria,Firmicutes,Bacilli,Lactobacillales,Carnobacteriaceae,Carnobacterium,Unclassified Carnobacterium,2501418,2510,333990,http://www.ncbi.nlm.nih.gov/Taxonomy/Browser/wwwtax.cgi?id=333990,https://img.jgi.doe.gov/cgi-bin/m/main.cgi?section=TaxonDetail&page=taxonDetail&taxon_oid=2501651209
Citreicella_sp_SE45,Citreicella sp. SE45,Citreicella sp. SE45,J. Craig Venter Institute (JCVI),647533124,Bacteria,Proteobacteria,Alphaproteobacteria,Rhodobacterales,Rhodobacteraceae,Citreicella,Unclassified Citreicella,5523231,5499,501479,http://www.ncbi.nlm.nih.gov/Taxonomy/Browser/wwwtax.cgi?id=501479,https://img.jgi.doe.gov/cgi-bin/m/main.cgi?section=TaxonDetail&page=taxonDetail&taxon_oid=647533124
Congregibacter_litoralis_KT71,Congregibacter litoralis KT71,Congregibacter litoralis KT71,"J. Craig Venter Institute (JCVI), Max Planck Institute",2597489864,Bacteria,Proteobacteria,Gammaproteobacteria,Cellvibrionales,Halieaceae,Congregibacter,Congregibacter litoralis,4351117,3981,314285,http://www.ncbi.nlm.nih.gov/Taxonomy/Browser/wwwtax.cgi?id=314285,https://img.jgi.doe.gov/cgi-bin/m/main.cgi?section=TaxonDetail&page=taxonDetail&taxon_oid=2597489864
Crocosphaera_watsonii_WH_0003,Crocosphaera watsonii WH 0003,Crocosphaera watsonii WH 0003,"University of California, Santa Cruz",2531839001,Bacteria,Cyanobacteria,Unclassified Cyanobacteria,Chroococcales,Aphanothecaceae,Crocosphaera,Crocosphaera watsonii,5890504,6187,423471,http://www.ncbi.nlm.nih.gov/Taxonomy/Browser/wwwtax.cgi?id=423471,https://img.jgi.doe.gov/cgi-bin/m/main.cgi?section=TaxonDetail&page=taxonDetail&taxon_oid=2531839001
Crocosphaera_watsonii_WH_0005,Crocosphaera watsonii WH 0005,Crocosphaera watsonii WH 0005,"University of California, Santa Cruz",2636415574,Bacteria,Cyanobacteria,Unclassified Cyanobacteria,Chroococcales,Aphanothecaceae,Crocosphaera,Crocosphaera watsonii,5961117,6625,423472,http://www.ncbi.nlm.nih.gov/Taxonomy/Browser/wwwtax.cgi?id=423472,https://img.jgi.doe.gov/cgi-bin/m/main.cgi?section=TaxonDetail&page=taxonDetail&taxon_oid=2636415574
Crocosphaera_watsonii_WH_0401_draft1,Crocosphaera watsonii WH 0401,Crocosphaera watsonii WH 0401 (draft1),"University of California, Santa Cruz",2503283007,Bacteria,Cyanobacteria,Unclassified Cyanobacteria,Chroococcales,Aphanothecaceae,Crocosphaera,Crocosphaera watsonii,4549610,5231,555881,http://www.ncbi.nlm.nih.gov/Taxonomy/Browser/wwwtax.cgi?id=555881,https://img.jgi.doe.gov/cgi-bin/m/main.cgi?section=TaxonDetail&page=taxonDetail&taxon_oid=2503283007
Crocosphaera_watsonii_WH_0402,Crocosphaera watsonii WH 0402,Crocosphaera watsonii WH 0402,"University of California, Santa Cruz",2627853717,Bacteria,Cyanobacteria,Unclassified Cyanobacteria,Chroococcales,Aphanothecaceae,Crocosphaera,Unclassified Crocosphaera,1997175,2349,263511,http://www.ncbi.nlm.nih.gov/Taxonomy/Browser/wwwtax.cgi?id=263511,https://img.jgi.doe.gov/cgi-bin/m/main.cgi?section=TaxonDetail&page=taxonDetail&taxon_oid=2627853717
Crocosphaera_watsonii_WH_8501,Crocosphaera watsonii WH 8501 (120ctgs),Crocosphaera watsonii WH 8501,"University of California, Santa Cruz",2503283009,Bacteria,Cyanobacteria,Unclassified Cyanobacteria,Chroococcales,Aphanothecaceae,Crocosphaera,Crocosphaera watsonii,6287279,6715,165597,http://www.ncbi.nlm.nih.gov/Taxonomy/Browser/wwwtax.cgi?id=165597,https://img.jgi.doe.gov/cgi-bin/m/main.cgi?section=TaxonDetail&page=taxonDetail&taxon_oid=2503283009
Crocosphaera_watsonii_WH_8502,Crocosphaera watsonii WH 8502,Crocosphaera watsonii WH 8502,"University of California, Santa Cruz",2639763078,Bacteria,Cyanobacteria,Unclassified Cyanobacteria,Chroococcales,Aphanothecaceae,Crocosphaera,Crocosphaera watsonii,4683052,5315,423474,http://www.ncbi.nlm.nih.gov/Taxonomy/Browser/wwwtax.cgi?id=423474,https://img.jgi.doe.gov/cgi-bin/m/main.cgi?section=TaxonDetail&page=taxonDetail&taxon_oid=2639763078
Cyanobium_sp_PCC_7001,Cyanobium sp. PCC 7001,Cyanobium sp. PCC 7001,J. Craig Venter Institute (JCVI),647533126,Bacteria,Cyanobacteria,Unclassified Cyanobacteria,Synechococcales,Synechococcaceae,Cyanobium,Unclassified Cyanobium,2834252,2826,180281,http://www.ncbi.nlm.nih.gov/Taxonomy/Browser/wwwtax.cgi?id=180281,https://img.jgi.doe.gov/cgi-bin/m/main.cgi?section=TaxonDetail&page=taxonDetail&taxon_oid=647533126
Erythrobacter_litoralis_HTCC2594,Erythrobacter litoralis HTCC2594,Erythrobacter litoralis HTCC2594,J. Craig Venter Institute (JCVI),637000103,Bacteria,Proteobacteria,Alphaproteobacteria,Sphingomonadales,Erythrobacteraceae,Erythrobacter,Erythrobacter litoralis,3052398,3068,314225,http://www.ncbi.nlm.nih.gov/Taxonomy/Browser/wwwtax.cgi?id=314225,https://img.jgi.doe.gov/cgi-bin/m/main.cgi?section=TaxonDetail&page=taxonDetail&taxon_oid=637000103
Erythrobacter_sp_NAP1,Erythrobacter sp. NAP1,Erythrobacter sp. NAP1,J. Craig Venter Institute (JCVI),638341081,Bacteria,Proteobacteria,Alphaproteobacteria,Sphingomonadales,Erythrobacteraceae,Erythrobacter,Unclassified Erythrobacter,3265346,3226,237727,http://www.ncbi.nlm.nih.gov/Taxonomy/Browser/wwwtax.cgi?id=237727,https://img.jgi.doe.gov/cgi-bin/m/main.cgi?section=TaxonDetail&page=taxonDetail&taxon_oid=638341081
Erythrobacter_sp_SD-21,"Erythrobacter sp, SD-21",Erythrobacter sp. SD-21,J. Craig Venter Institute (JCVI),640963034,Bacteria,Proteobacteria,Alphaproteobacteria,Sphingomonadales,Erythrobacteraceae,Erythrobacter,Unclassified Erythrobacter,2970874,2992,161528,http://www.ncbi.nlm.nih.gov/Taxonomy/Browser/wwwtax.cgi?id=161528,https://img.jgi.doe.gov/cgi-bin/m/main.cgi?section=TaxonDetail&page=taxonDetail&taxon_oid=640963034
Flavobacteria_bacterium_BAL38,Flavobacteria sp. BAL38,Flavobacteria bacterium BAL38,J. Craig Venter Institute (JCVI),640612204,Bacteria,Bacteroidetes,Flavobacteriia,Flavobacteriales,Unclassified Flavobacteriales,Unclassified Flavobacteriales,Unclassified Flavobacteriales,2806989,2665,391598,http://www.ncbi.nlm.nih.gov/Taxonomy/Browser/wwwtax.cgi?id=391598,https://img.jgi.doe.gov/cgi-bin/m/main.cgi?section=TaxonDetail&page=taxonDetail&taxon_oid=640612204
Flavobacteria_bacterium_BBFL7,Flavobacteria sp. BBFL7,Flavobacteria bacterium BBFL7,J. Craig Venter Institute (JCVI),638341093,Bacteria,Bacteroidetes,Flavobacteriia,Unclassified Flavobacteriia,Unclassified Flavobacteriia,Unclassified Flavobacteriia,Unclassified Flavobacteriia,3083153,2627,156586,http://www.ncbi.nlm.nih.gov/Taxonomy/Browser/wwwtax.cgi?id=156586,https://img.jgi.doe.gov/cgi-bin/m/main.cgi?section=TaxonDetail&page=taxonDetail&taxon_oid=638341093
Fulvimarina_pelagi_HTCC2506,Fulvimarina pelagi HTCC2506,Fulvimarina pelagi HTCC2506,J. Craig Venter Institute (JCVI),639857001,Bacteria,Proteobacteria,Alphaproteobacteria,Rhizobiales,Aurantimonadaceae,Fulvimarina,Fulvimarina pelagi,3802689,3817,314231,http://www.ncbi.nlm.nih.gov/Taxonomy/Browser/wwwtax.cgi?id=314231,https://img.jgi.doe.gov/cgi-bin/m/main.cgi?section=TaxonDetail&page=taxonDetail&taxon_oid=639857001
Gammaproteobacteria_sp_OM60_HIMB55,Gammaproteobacteria sp. OM60 HIMB55,Gammaproteobacteria sp. OM60 HIMB55,J. Craig Venter Institute (JCVI),2513237293,Bacteria,Proteobacteria,Gammaproteobacteria,Cellvibrionales,Halieaceae,Unclassified Halieaceae,Unclassified Halieaceae,2736988,2511,745014,http://www.ncbi.nlm.nih.gov/Taxonomy/Browser/wwwtax.cgi?id=745014,https://img.jgi.doe.gov/cgi-bin/m/main.cgi?section=TaxonDetail&page=taxonDetail&taxon_oid=2513237293
Hydrogenivirga_sp_128-5-R1-1,Hydrogenivirga sp. 128-5-R1-1,Hydrogenivirga sp. 128-5-R1-1,J. Craig Venter Institute (JCVI),2636416138,Archaea,Aquificae,Aquificae,Aquificales,Aquificaceae,Hydrogenivirga,Unclassified Hydrogenivirga,3038240,3811,392423,http://www.ncbi.nlm.nih.gov/Taxonomy/Browser/wwwtax.cgi?id=392423,https://img.jgi.doe.gov/cgi-bin/m/main.cgi?section=TaxonDetail&page=taxonDetail&taxon_oid=2636416138
Idiomarina_baltica_OS145,Idiomarina baltica OS145,Idiomarina baltica OS145,J. Craig Venter Institute (JCVI),638341106,Bacteria,Proteobacteria,Gammaproteobacteria,Alteromonadales,Idiomarinaceae,Idiomarina,Idiomarina baltica,2722127,2660,314276,http://www.ncbi.nlm.nih.gov/Taxonomy/Browser/wwwtax.cgi?id=314276,https://img.jgi.doe.gov/cgi-bin/m/main.cgi?section=TaxonDetail&page=taxonDetail&taxon_oid=638341106
Janibacter_sp_HTCC2649,Janibacter sp. HTCC2649,Janibacter sp. HTCC2649,J. Craig Venter Institute (JCVI),638341107,Bacteria,Actinobacteria,Actinobacteria,Micrococcales,Intrasporangiaceae,Janibacter,Unclassified Janibacter,4228723,4156,313589,http://www.ncbi.nlm.nih.gov/Taxonomy/Browser/wwwtax.cgi?id=313589,https://img.jgi.doe.gov/cgi-bin/m/main.cgi?section=TaxonDetail&page=taxonDetail&taxon_oid=638341107
Kordia_algicida_OT-1,Kordia algicida OT-1,Kordia algicida OT-1,J. Craig Venter Institute (JCVI),641380434,Bacteria,Bacteroidetes,Flavobacteriia,Flavobacteriales,Flavobacteriaceae,Kordia,Kordia algicida,5019836,4584,391587,http://www.ncbi.nlm.nih.gov/Taxonomy/Browser/wwwtax.cgi?id=391587,https://img.jgi.doe.gov/cgi-bin/m/main.cgi?section=TaxonDetail&page=taxonDetail&taxon_oid=641380434
Lentisphaera_araneosa_HTCC2155,Lentisphaera araneosa HTCC2155,Lentisphaera araneosa HTCC2155,J. Craig Venter Institute (JCVI),640963040,Bacteria,Lentisphaerae,Lentisphaeria,Lentisphaerales,Lentisphaeraceae,Lentisphaera,Lentisphaera araneosa,6023180,5173,313628,http://www.ncbi.nlm.nih.gov/Taxonomy/Browser/wwwtax.cgi?id=313628,https://img.jgi.doe.gov/cgi-bin/m/main.cgi?section=TaxonDetail&page=taxonDetail&taxon_oid=640963040
Limnobacter_sp_MED105,Limnobacter sp. MED105,Limnobacter sp. MED105,J. Craig Venter Institute (JCVI),640963026,Bacteria,Proteobacteria,Betaproteobacteria,Burkholderiales,Burkholderiaceae,Limnobacter,Unclassified Limnobacter,3390271,3285,391597,http://www.ncbi.nlm.nih.gov/Taxonomy/Browser/wwwtax.cgi?id=391597,https://img.jgi.doe.gov/cgi-bin/m/main.cgi?section=TaxonDetail&page=taxonDetail&taxon_oid=640963026
Loktanella_sp_SE62,Loktanella sp. SE62,Loktanella sp. SE62,J. Craig Venter Institute (JCVI),2517487002,Bacteria,Proteobacteria,Alphaproteobacteria,Rhodobacterales,Rhodobacteraceae,Loktanella,Unclassified Loktanella,4581948,4641,744983,http://www.ncbi.nlm.nih.gov/Taxonomy/Browser/wwwtax.cgi?id=744983,https://img.jgi.doe.gov/cgi-bin/m/main.cgi?section=TaxonDetail&page=taxonDetail&taxon_oid=2517487002
Loktanella_vestfoldensis_SKA53,Loktanella vestfoldensis SKA53,Loktanella vestfoldensis SKA53,J. Craig Venter Institute (JCVI),638341119,Bacteria,Proteobacteria,Alphaproteobacteria,Rhodobacterales,Rhodobacteraceae,Yoonia,Yoonia vestfoldensis,3063691,3117,314232,http://www.ncbi.nlm.nih.gov/Taxonomy/Browser/wwwtax.cgi?id=314232,https://img.jgi.doe.gov/cgi-bin/m/main.cgi?section=TaxonDetail&page=taxonDetail&taxon_oid=638341119
marine_actinobacterium_PHSC20C1,Agreia sp. PHSC20C1,marine actinobacterium PHSC20C1,J. Craig Venter Institute (JCVI),638341246,Bacteria,Actinobacteria,Actinobacteria,Unclassified Actinobacteria,Unclassified Actinobacteria,Unclassified Actinobacteria,Unclassified Actinobacteria,2769012,2718,312284,http://www.ncbi.nlm.nih.gov/Taxonomy/Browser/wwwtax.cgi?id=312284,https://img.jgi.doe.gov/cgi-bin/m/main.cgi?section=TaxonDetail&page=taxonDetail&taxon_oid=638341246
Marinitoga_piezophila_KA3,Protein structure adaptations and genome stability as reflected by species of the Thermotogales,Marinitoga piezophila KA3,DOE Joint Genome Institute (JGI),2508501120,Bacteria,Thermotogae,Thermotogae,Petrotogales,Unclassified Petrotogales,Marinitoga,Marinitoga piezophila,2244793,2131,443254,http://www.ncbi.nlm.nih.gov/Taxonomy/Browser/wwwtax.cgi?id=443254,https://img.jgi.doe.gov/cgi-bin/m/main.cgi?section=TaxonDetail&page=taxonDetail&taxon_oid=2508501120
Microbulbifer_agarilyticus_S89,Microbulbifer agarilyticus S89,Microbulbifer agarilyticus S89,Korea Institute of Ocean Science and Technology (KIOST),2547132385,Archaea,Proteobacteria,Gammaproteobacteria,Cellvibrionales,Microbulbiferaceae,Microbulbifer,Microbulbifer agarilyticus,3862761,3264,1042377,http://www.ncbi.nlm.nih.gov/Taxonomy/Browser/wwwtax.cgi?id=1042377,https://img.jgi.doe.gov/cgi-bin/m/main.cgi?section=TaxonDetail&page=taxonDetail&taxon_oid=2547132385
Nitrobacter_hamburgensis_X14,,Nitrobacter hamburgensis X14,,,Bacteria,Proteobacteria,Alphaproteobacteria,Rhizobiales,Bradyrhizobiaceae,Nitrobacter,Nitrobacter hamburgensis,,,323097,http://www.ncbi.nlm.nih.gov/Taxonomy/Browser/wwwtax.cgi?id=323097,
Nitrococcus_mobilis_Nb-231,,Nitrococcus mobilis Nb-231,,,Bacteria,Proteobacteria,Gammaproteobacteria,Chromatiales,Ectothiorhodospiraceae,Nitrococcus,Nitrococcus mobilis,,,314278,http://www.ncbi.nlm.nih.gov/Taxonomy/Browser/wwwtax.cgi?id=314278,
Nitrosopelagicus_brevis_1,,Nitrosopelagicus brevis 1,,,Bacteria,Thaumarchaeota,Unclassified Thaumarchaeota,Unclassified Thaumarchaeota,Unclassified Thaumarchaeota,Candidatus Nitrosopelagicus,Unclassified Candidatus Nitrosopelagicus,,,1410606,http://www.ncbi.nlm.nih.gov/Taxonomy/Browser/wwwtax.cgi?id=1410606,
Nitrosopelagicus_sp_REDSEA-S32_B2,"Water column microbial communities from Red Sea, Saudi Arabia",Nitrosopelagicus sp. REDSEA-S32_B2,King Abdullah University of Science and Technology,2651870210,Bacteria,Thaumarchaeota,Unclassified Thaumarchaeota,Nitrosopumilales,Nitrosopumilaceae,Unclassified Nitrosopumilaceae,Unclassified Nitrosopumilaceae,449483,604,338191,http://www.ncbi.nlm.nih.gov/Taxonomy/Browser/wwwtax.cgi?id=338191,https://img.jgi.doe.gov/cgi-bin/m/main.cgi?section=TaxonDetail&page=taxonDetail&taxon_oid=2651870210
Nitrosopumilus_maritimus_SCM1,,Nitrosopumilus maritimus SCM1,,,Bacteria,Thaumarchaeota,Unclassified Thaumarchaeota,Nitrosopumilales,Nitrosopumilaceae,Nitrosopumilus,Nitrosopumilus maritimus,,,436308,http://www.ncbi.nlm.nih.gov/Taxonomy/Browser/wwwtax.cgi?id=436308,
Nitrospina_sp_AB-629-B18,,Nitrospina sp. AB-629-B18,,,Bacteria,Nitrospinae,Nitrospinia,Nitrospinales,Nitrospinaceae,Nitrospina,Unclassified Nitrospina,,,1131269,http://www.ncbi.nlm.nih.gov/Taxonomy/Browser/wwwtax.cgi?id=1131269,
Nitrospina_sp_SCGC_AAA799-A02,,Nitrospina sp. SCGC AAA799-A02,,,Bacteria,Nitrospinae,Nitrospinia,Nitrospinales,Nitrospinaceae,Nitrospina,Unclassified Nitrospina,,,1131269,http://www.ncbi.nlm.nih.gov/Taxonomy/Browser/wwwtax.cgi?id=1131269,
Nitrospina_sp_SCGC_AAA799-C22,,Nitrospina sp. SCGC AAA799-C22,,,Bacteria,Nitrospinae,Nitrospinia,Nitrospinales,Nitrospinaceae,Nitrospina,Unclassified Nitrospina,,,1131269,http://www.ncbi.nlm.nih.gov/Taxonomy/Browser/wwwtax.cgi?id=1131269,
Nitrospira_defluvii,,Nitrospira defluvii,,,Bacteria,Nitrospirae,Nitrospira,Nitrospirales,Nitrospiraceae,Nitrospira,Unclassified Nitrospira,,,330214,http://www.ncbi.nlm.nih.gov/Taxonomy/Browser/wwwtax.cgi?id=330214,
Planctomycetaceae_bacterium_KSU-1,Planctomyces sp PLM2 from Mohns Ridge Arctic Ocean,Planctomycetaceae bacterium KSU-1,Kyushu University,2531839184,Bacteria,Planctomycetes,Planctomycetia,Candidatus Brocadiales,Candidatus Brocadiaceae,Candidatus Jettenia,Unclassified Candidatus Jettenia,4087350,3653,247490,http://www.ncbi.nlm.nih.gov/Taxonomy/Browser/wwwtax.cgi?id=247490,https://img.jgi.doe.gov/cgi-bin/m/main.cgi?section=TaxonDetail&page=taxonDetail&taxon_oid=2531839184
Prochlorococcus_marinus_MIT9312,Prochlorococcus marinus MIT9312,Prochlorococcus marinus MIT9312,DOE Joint Genome Institute (JGI),637000210,Bacteria,Cyanobacteria,Unclassified Cyanobacteria,Synechococcales,Prochloraceae,Prochlorococcus,Prochlorococcus marinus,1709204,1860,74546,http://www.ncbi.nlm.nih.gov/Taxonomy/Browser/wwwtax.cgi?id=74546,https://img.jgi.doe.gov/cgi-bin/m/main.cgi?section=TaxonDetail&page=taxonDetail&taxon_oid=637000210
Prochlorococcus_sp_MIT9201,Genomes of diverse isolates of the marine cyanobacterium Prochlorococcus,Prochlorococcus sp. MIT9201,Massachusetts Institute of Technology,2606217687,Bacteria,Cyanobacteria,Unclassified Cyanobacteria,Synechococcales,Prochloraceae,Prochlorococcus,Prochlorococcus marinus,1672416,1981,93057,http://www.ncbi.nlm.nih.gov/Taxonomy/Browser/wwwtax.cgi?id=93057,https://img.jgi.doe.gov/cgi-bin/m/main.cgi?section=TaxonDetail&page=taxonDetail&taxon_oid=2606217687
Prochlorococcus_sp_MIT9202,Prochlorococcus marinus sequencing - JCVI,Prochlorococcus sp. MIT9202,J. Craig Venter Institute (JCVI),647533199,Bacteria,Cyanobacteria,Unclassified Cyanobacteria,Synechococcales,Prochloraceae,Prochlorococcus,Prochlorococcus marinus,1691453,1930,93058,http://www.ncbi.nlm.nih.gov/Taxonomy/Browser/wwwtax.cgi?id=93058,https://img.jgi.doe.gov/cgi-bin/m/main.cgi?section=TaxonDetail&page=taxonDetail&taxon_oid=647533199
Prochlorococcus_sp_MIT9211,Prochlorococcus marinus sequencing - JCVI,Prochlorococcus sp. MIT9211,J. Craig Venter Institute (JCVI),641228501,Bacteria,Cyanobacteria,Unclassified Cyanobacteria,Synechococcales,Prochloraceae,Prochlorococcus,Prochlorococcus marinus,1688963,1901,93059,http://www.ncbi.nlm.nih.gov/Taxonomy/Browser/wwwtax.cgi?id=93059,https://img.jgi.doe.gov/cgi-bin/m/main.cgi?section=TaxonDetail&page=taxonDetail&taxon_oid=641228501
Prochlorococcus_sp_MIT9215,Prochlorococcus sp. MIT9215,Prochlorococcus sp. MIT9215,DOE Joint Genome Institute (JGI),640753041,Bacteria,Cyanobacteria,Unclassified Cyanobacteria,Synechococcales,Prochloraceae,Prochlorococcus,Prochlorococcus marinus,1738790,2059,93060,http://www.ncbi.nlm.nih.gov/Taxonomy/Browser/wwwtax.cgi?id=93060,https://img.jgi.doe.gov/cgi-bin/m/main.cgi?section=TaxonDetail&page=taxonDetail&taxon_oid=640753041
Prochlorococcus_sp_MIT9301,Prochlorococcus marinus sequencing - JCVI,Prochlorococcus sp. MIT9301,J. Craig Venter Institute (JCVI),640069322,Bacteria,Cyanobacteria,Unclassified Cyanobacteria,Synechococcales,Prochloraceae,Prochlorococcus,Prochlorococcus marinus,1641879,1967,167546,http://www.ncbi.nlm.nih.gov/Taxonomy/Browser/wwwtax.cgi?id=167546,https://img.jgi.doe.gov/cgi-bin/m/main.cgi?section=TaxonDetail&page=taxonDetail&taxon_oid=640069322
Prochlorococcus_sp_MIT9302,Genomes of diverse isolates of the marine cyanobacterium Prochlorococcus,Prochlorococcus sp. MIT9302,Massachusetts Institute of Technology,2606217691,Archaea,Cyanobacteria,Unclassified Cyanobacteria,Synechococcales,Prochloraceae,Prochlorococcus,Prochlorococcus marinus,1745343,2013,74545,http://www.ncbi.nlm.nih.gov/Taxonomy/Browser/wwwtax.cgi?id=74545,https://img.jgi.doe.gov/cgi-bin/m/main.cgi?section=TaxonDetail&page=taxonDetail&taxon_oid=2606217691
Prochlorococcus_sp_MIT9303,Prochlorococcus marinus sequencing - JCVI,Prochlorococcus sp. MIT9303,J. Craig Venter Institute (JCVI),640069323,Bacteria,Cyanobacteria,Unclassified Cyanobacteria,Synechococcales,Prochloraceae,Prochlorococcus,Prochlorococcus marinus,2682675,3133,59922,http://www.ncbi.nlm.nih.gov/Taxonomy/Browser/wwwtax.cgi?id=59922,https://img.jgi.doe.gov/cgi-bin/m/main.cgi?section=TaxonDetail&page=taxonDetail&taxon_oid=640069323
Prochlorococcus_sp_MIT9311,Genomes of diverse isolates of the marine cyanobacterium Prochlorococcus,Prochlorococcus sp. MIT9311,Massachusetts Institute of Technology,2606217680,Bacteria,Cyanobacteria,Unclassified Cyanobacteria,Synechococcales,Prochloraceae,Prochlorococcus,Prochlorococcus marinus,1711064,1966,167547,http://www.ncbi.nlm.nih.gov/Taxonomy/Browser/wwwtax.cgi?id=167547,https://img.jgi.doe.gov/cgi-bin/m/main.cgi?section=TaxonDetail&page=taxonDetail&taxon_oid=2606217680
Prochlorococcus_sp_MIT9314,Genomes of diverse isolates of the marine cyanobacterium Prochlorococcus,Prochlorococcus sp. MIT9314,Massachusetts Institute of Technology,2606217312,Bacteria,Cyanobacteria,Unclassified Cyanobacteria,Synechococcales,Prochloraceae,Prochlorococcus,Prochlorococcus marinus,1690556,1977,167548,http://www.ncbi.nlm.nih.gov/Taxonomy/Browser/wwwtax.cgi?id=167548,https://img.jgi.doe.gov/cgi-bin/m/main.cgi?section=TaxonDetail&page=taxonDetail&taxon_oid=2606217312
Prochlorococcus_sp_MIT9321,Genomes of diverse isolates of the marine cyanobacterium Prochlorococcus,Prochlorococcus sp. MIT9321,Massachusetts Institute of Technology,2606217683,Bacteria,Cyanobacteria,Unclassified Cyanobacteria,Synechococcales,Prochloraceae,Prochlorococcus,Prochlorococcus marinus,1658664,1937,167549,http://www.ncbi.nlm.nih.gov/Taxonomy/Browser/wwwtax.cgi?id=167549,https://img.jgi.doe.gov/cgi-bin/m/main.cgi?section=TaxonDetail&page=taxonDetail&taxon_oid=2606217683
Prochlorococcus_sp_MIT9322,Genomes of diverse isolates of the marine cyanobacterium Prochlorococcus,Prochlorococcus sp. MIT9322,Massachusetts Institute of Technology,2606217679,Bacteria,Cyanobacteria,Unclassified Cyanobacteria,Synechococcales,Prochloraceae,Prochlorococcus,Prochlorococcus marinus,1657550,1936,167550,http://www.ncbi.nlm.nih.gov/Taxonomy/Browser/wwwtax.cgi?id=167550,https://img.jgi.doe.gov/cgi-bin/m/main.cgi?section=TaxonDetail&page=taxonDetail&taxon_oid=2606217679
Prochlorococcus_sp_MIT9401,Genomes of diverse isolates of the marine cyanobacterium Prochlorococcus,Prochlorococcus sp. MIT9401,Massachusetts Institute of Technology,2606217316,Bacteria,Cyanobacteria,Unclassified Cyanobacteria,Synechococcales,Prochloraceae,Prochlorococcus,Prochlorococcus marinus,1666808,1949,167551,http://www.ncbi.nlm.nih.gov/Taxonomy/Browser/wwwtax.cgi?id=167551,https://img.jgi.doe.gov/cgi-bin/m/main.cgi?section=TaxonDetail&page=taxonDetail&taxon_oid=2606217316
Prochlorococcus_sp_MIT9515,Prochlorococcus marinus sequencing - JCVI,Prochlorococcus sp. MIT9515,J. Craig Venter Institute (JCVI),640069324,Bacteria,Cyanobacteria,Unclassified Cyanobacteria,Synechococcales,Prochloraceae,Prochlorococcus,Prochlorococcus marinus,1704176,1968,167542,http://www.ncbi.nlm.nih.gov/Taxonomy/Browser/wwwtax.cgi?id=167542,https://img.jgi.doe.gov/cgi-bin/m/main.cgi?section=TaxonDetail&page=taxonDetail&taxon_oid=640069324
Prochlorococcus_sp_NATL1A,Prochlorococcus marinus sequencing - JCVI,Prochlorococcus sp. NATL1A,J. Craig Venter Institute (JCVI),640069325,Bacteria,Cyanobacteria,Unclassified Cyanobacteria,Synechococcales,Prochloraceae,Prochlorococcus,Prochlorococcus marinus,1864731,2251,167555,http://www.ncbi.nlm.nih.gov/Taxonomy/Browser/wwwtax.cgi?id=167555,https://img.jgi.doe.gov/cgi-bin/m/main.cgi?section=TaxonDetail&page=taxonDetail&taxon_oid=640069325
Prochlorococcus_sp_NATL2A,Prochlorococcus sp. NATL2A,Prochlorococcus sp. NATL2A,DOE Joint Genome Institute (JGI),637000212,Bacteria,Cyanobacteria,Unclassified Cyanobacteria,Synechococcales,Prochloraceae,Prochlorococcus,Prochlorococcus marinus,1842899,1985,59920,http://www.ncbi.nlm.nih.gov/Taxonomy/Browser/wwwtax.cgi?id=59920,https://img.jgi.doe.gov/cgi-bin/m/main.cgi?section=TaxonDetail&page=taxonDetail&taxon_oid=637000212
Prochlorococcus_sp_SB,Genomes of diverse isolates of the marine cyanobacterium Prochlorococcus,Prochlorococcus sp. SB,Massachusetts Institute of Technology,2606217677,Bacteria,Cyanobacteria,Unclassified Cyanobacteria,Synechococcales,Prochloraceae,Prochlorococcus,Prochlorococcus marinus,1669823,1924,59926,http://www.ncbi.nlm.nih.gov/Taxonomy/Browser/wwwtax.cgi?id=59926,https://img.jgi.doe.gov/cgi-bin/m/main.cgi?section=TaxonDetail&page=taxonDetail&taxon_oid=2606217677
Prochlorococcus_sp_SS35,Genomes of diverse isolates of the marine cyanobacterium Prochlorococcus,Prochlorococcus sp. SS35,Massachusetts Institute of Technology,2606217311,Bacteria,Cyanobacteria,Unclassified Cyanobacteria,Synechococcales,Prochloraceae,Prochlorococcus,Prochlorococcus marinus,1751015,1942,167553,http://www.ncbi.nlm.nih.gov/Taxonomy/Browser/wwwtax.cgi?id=167553,https://img.jgi.doe.gov/cgi-bin/m/main.cgi?section=TaxonDetail&page=taxonDetail&taxon_oid=2606217311
Prochlorococcus_sp_SS51,Genomes of diverse isolates of the marine cyanobacterium Prochlorococcus,Prochlorococcus sp. SS51,Massachusetts Institute of Technology,2606217315,Bacteria,Cyanobacteria,Unclassified Cyanobacteria,Synechococcales,Prochloraceae,Prochlorococcus,Prochlorococcus marinus,1746977,1941,167554,http://www.ncbi.nlm.nih.gov/Taxonomy/Browser/wwwtax.cgi?id=167554,https://img.jgi.doe.gov/cgi-bin/m/main.cgi?section=TaxonDetail&page=taxonDetail&taxon_oid=2606217315
Prochlorococcus_sp_SS52,Genomes of diverse isolates of the marine cyanobacterium Prochlorococcus,Prochlorococcus sp. SS52,Massachusetts Institute of Technology,2606217314,Bacteria,Cyanobacteria,Unclassified Cyanobacteria,Synechococcales,Prochloraceae,Prochlorococcus,Unclassified Prochlorococcus,1754053,1956,1499501,http://www.ncbi.nlm.nih.gov/Taxonomy/Browser/wwwtax.cgi?id=1499501,https://img.jgi.doe.gov/cgi-bin/m/main.cgi?section=TaxonDetail&page=taxonDetail&taxon_oid=2606217314
Pseudoalteromonas_arctica_A_37-1-2,Pseudoalteromonas project - Shandong University,Pseudoalteromonas arctica A 37-1-2,Shandong University,2541047156,Bacteria,Proteobacteria,Gammaproteobacteria,Alteromonadales,Pseudoalteromonadaceae,Pseudoalteromonas,Pseudoalteromonas arctica,4624159,4234,1117313,http://www.ncbi.nlm.nih.gov/Taxonomy/Browser/wwwtax.cgi?id=1117313,https://img.jgi.doe.gov/cgi-bin/m/main.cgi?section=TaxonDetail&page=taxonDetail&taxon_oid=2541047156
Pseudoalteromonas_atlantica_T6c,Pseudoalteromonas atlantica T6c,Pseudoalteromonas atlantica T6c,DOE Joint Genome Institute (JGI),637000216,Bacteria,Proteobacteria,Gammaproteobacteria,Alteromonadales,Pseudoalteromonadaceae,Pseudoalteromonas,Pseudoalteromonas atlantica,5187005,4405,342610,http://www.ncbi.nlm.nih.gov/Taxonomy/Browser/wwwtax.cgi?id=342610,https://img.jgi.doe.gov/cgi-bin/m/main.cgi?section=TaxonDetail&page=taxonDetail&taxon_oid=637000216
Pseudoalteromonas_atlantica_TB41,Pseudoalteromonas project - Florence University,Pseudoalteromonas atlantica TB41,University of Florence,2579778892,Bacteria,Proteobacteria,Gammaproteobacteria,Alteromonadales,Pseudoalteromonadaceae,Pseudoalteromonas,Unclassified Pseudoalteromonas,4632606,4347,985149,http://www.ncbi.nlm.nih.gov/Taxonomy/Browser/wwwtax.cgi?id=985149,https://img.jgi.doe.gov/cgi-bin/m/main.cgi?section=TaxonDetail&page=taxonDetail&taxon_oid=2579778892
Pseudoalteromonas_denitrificans_DSM_6059,"Genomic Encyclopedia of Type Strains, Phase I: the one thousand microbial genomes (KMG-I) project",Pseudoalteromonas denitrificans DSM 6059,DOE Joint Genome Institute (JGI),2599185267,Bacteria,Proteobacteria,Gammaproteobacteria,Alteromonadales,Pseudoalteromonadaceae,Pseudoalteromonas,Pseudoalteromonas denitrificans,6094166,5462,1123010,http://www.ncbi.nlm.nih.gov/Taxonomy/Browser/wwwtax.cgi?id=1123010,https://img.jgi.doe.gov/cgi-bin/m/main.cgi?section=TaxonDetail&page=taxonDetail&taxon_oid=2599185267
Pseudoalteromonas_piscicida_ATCC_15057,"Genomic Encyclopedia of Type Strains, Phase I: the one thousand microbial genomes (KMG-I) project",Pseudoalteromonas piscicida ATCC 15057,DOE Joint Genome Institute (JGI),2519899641,Bacteria,Proteobacteria,Gammaproteobacteria,Alteromonadales,Pseudoalteromonadaceae,Pseudoalteromonas,Pseudoalteromonas piscicida,5279090,4776,1279016,http://www.ncbi.nlm.nih.gov/Taxonomy/Browser/wwwtax.cgi?id=1279016,https://img.jgi.doe.gov/cgi-bin/m/main.cgi?section=TaxonDetail&page=taxonDetail&taxon_oid=2519899641
Pseudoalteromonas_rubra_ATCC_29570,Pseudoalteromonas project - Shandong University,Pseudoalteromonas rubra ATCC 29570,Shandong University,2541047006,Bacteria,Proteobacteria,Gammaproteobacteria,Alteromonadales,Pseudoalteromonadaceae,Pseudoalteromonas,Pseudoalteromonas rubra,5954504,5077,1117318,http://www.ncbi.nlm.nih.gov/Taxonomy/Browser/wwwtax.cgi?id=1117318,https://img.jgi.doe.gov/cgi-bin/m/main.cgi?section=TaxonDetail&page=taxonDetail&taxon_oid=2541047006
Pseudoalteromonas_rubra_S2471,Genome sequencce of marine bacteria isolated during Galathea 3 global expedition,Pseudoalteromonas rubra S2471,Technical University of Denmark,2671180867,Bacteria,Proteobacteria,Gammaproteobacteria,Alteromonadales,Pseudoalteromonadaceae,Pseudoalteromonas,Unclassified Pseudoalteromonas,5733623,4924,43658,http://www.ncbi.nlm.nih.gov/Taxonomy/Browser/wwwtax.cgi?id=43658,https://img.jgi.doe.gov/cgi-bin/m/main.cgi?section=TaxonDetail&page=taxonDetail&taxon_oid=2671180867
Richelia_intracellularis_RC01,The genome sequence of the heterocyst-forming cyanobacterial symbiont of the diatom Rhizosolenia,Richelia intracellularis RC01,"University of California, Santa Cruz",2622736407,Bacteria,Cyanobacteria,Unclassified Cyanobacteria,Nostocales,Nostocaceae,Richelia,Unclassified Richelia,2997884,4043,1164990,http://www.ncbi.nlm.nih.gov/Taxonomy/Browser/wwwtax.cgi?id=1164990,https://img.jgi.doe.gov/cgi-bin/m/main.cgi?section=TaxonDetail&page=taxonDetail&taxon_oid=2622736407
Roseobacter_litoralis_Och_149,Roseobacter litoralis Och 149,Roseobacter litoralis Och 149,J. Craig Venter Institute (JCVI),2510065042,Bacteria,Proteobacteria,Alphaproteobacteria,Rhodobacterales,Rhodobacteraceae,Roseobacter,Roseobacter litoralis,4745450,4668,391595,http://www.ncbi.nlm.nih.gov/Taxonomy/Browser/wwwtax.cgi?id=391595,https://img.jgi.doe.gov/cgi-bin/m/main.cgi?section=TaxonDetail&page=taxonDetail&taxon_oid=2510065042
Roseobacter_sp_AzwK-3b,Roseobacter sp. AzwK-3b,Roseobacter sp. AzwK-3b,J. Craig Venter Institute (JCVI),640963029,Bacteria,Proteobacteria,Alphaproteobacteria,Rhodobacterales,Rhodobacteraceae,Roseobacter,Unclassified Roseobacter,4178704,4197,351016,http://www.ncbi.nlm.nih.gov/Taxonomy/Browser/wwwtax.cgi?id=351016,https://img.jgi.doe.gov/cgi-bin/m/main.cgi?section=TaxonDetail&page=taxonDetail&taxon_oid=640963029
Roseobacter_sp_CCS2,Loktanella sp. CCS2,Roseobacter sp. CCS2,J. Craig Venter Institute (JCVI),640612221,Bacteria,Proteobacteria,Alphaproteobacteria,Rhodobacterales,Rhodobacteraceae,Roseobacter,Unclassified Roseobacter,3497325,3703,391593,http://www.ncbi.nlm.nih.gov/Taxonomy/Browser/wwwtax.cgi?id=391593,https://img.jgi.doe.gov/cgi-bin/m/main.cgi?section=TaxonDetail&page=taxonDetail&taxon_oid=640612221
Roseobacter_sp_GAI101,Sulfitobacter sp. GAI101,Roseobacter sp. GAI101,J. Craig Venter Institute (JCVI),647533205,Bacteria,Proteobacteria,Alphaproteobacteria,Rhodobacterales,Rhodobacteraceae,Roseobacter,Unclassified Roseobacter,4527951,4258,391589,http://www.ncbi.nlm.nih.gov/Taxonomy/Browser/wwwtax.cgi?id=391589,https://img.jgi.doe.gov/cgi-bin/m/main.cgi?section=TaxonDetail&page=taxonDetail&taxon_oid=647533205
Roseobacter_sp_MED193,Roseobacter sp. MED193,Roseobacter sp. MED193,J. Craig Venter Institute (JCVI),638341182,Bacteria,Proteobacteria,Alphaproteobacteria,Rhodobacterales,Rhodobacteraceae,Roseobacter,Unclassified Roseobacter,4652716,4605,314262,http://www.ncbi.nlm.nih.gov/Taxonomy/Browser/wwwtax.cgi?id=314262,https://img.jgi.doe.gov/cgi-bin/m/main.cgi?section=TaxonDetail&page=taxonDetail&taxon_oid=638341182
Roseobacter_sp_SK209-2-6,Roseobacter sp. SK209-2-6,Roseobacter sp. SK209-2-6,J. Craig Venter Institute (JCVI),640612220,Bacteria,Proteobacteria,Alphaproteobacteria,Rhodobacterales,Rhodobacteraceae,Roseobacter,Unclassified Roseobacter,4555826,4610,388739,http://www.ncbi.nlm.nih.gov/Taxonomy/Browser/wwwtax.cgi?id=388739,https://img.jgi.doe.gov/cgi-bin/m/main.cgi?section=TaxonDetail&page=taxonDetail&taxon_oid=640612220
Roseovarius_nubinhibens_ISM,Roseovarius nubinhibens ISM,Roseovarius nubinhibens ISM,J. Craig Venter Institute (JCVI),638341183,Bacteria,Proteobacteria,Alphaproteobacteria,Rhodobacterales,Rhodobacteraceae,Roseovarius,Roseovarius nubinhibens,3668667,3605,89187,http://www.ncbi.nlm.nih.gov/Taxonomy/Browser/wwwtax.cgi?id=89187,https://img.jgi.doe.gov/cgi-bin/m/main.cgi?section=TaxonDetail&page=taxonDetail&taxon_oid=638341183
Roseovarius_sp_TM1035,Roseovarius sp. TM1035,Roseovarius sp. TM1035,J. Craig Venter Institute (JCVI),640963035,Bacteria,Proteobacteria,Alphaproteobacteria,Rhodobacterales,Rhodobacteraceae,Roseovarius,Unclassified Roseovarius,4209812,4158,391613,http://www.ncbi.nlm.nih.gov/Taxonomy/Browser/wwwtax.cgi?id=391613,https://img.jgi.doe.gov/cgi-bin/m/main.cgi?section=TaxonDetail&page=taxonDetail&taxon_oid=640963035
Sagittula_stellata_E-37,Sagittula stellata E-37,Sagittula stellata E-37,J. Craig Venter Institute (JCVI),640612219,Bacteria,Proteobacteria,Alphaproteobacteria,Rhodobacterales,Rhodobacteraceae,Sagittula,Sagittula stellata,5262893,5121,388399,http://www.ncbi.nlm.nih.gov/Taxonomy/Browser/wwwtax.cgi?id=388399,https://img.jgi.doe.gov/cgi-bin/m/main.cgi?section=TaxonDetail&page=taxonDetail&taxon_oid=640612219
SAR116_cluster_alpha_proteobacterium_sp_HIMB100,SAR116 cluster alpha proteobacterium sp. HIMB100,SAR116 cluster alpha proteobacterium sp. HIMB100,Pennsylvania State University,2503113005,Bacteria,Proteobacteria,Alphaproteobacteria,Unclassified Alphaproteobacteria,Unclassified Alphaproteobacteria,Unclassified Alphaproteobacteria,Unclassified Alphaproteobacteria,2459485,2376,281031,http://www.ncbi.nlm.nih.gov/Taxonomy/Browser/wwwtax.cgi?id=281031,https://img.jgi.doe.gov/cgi-bin/m/main.cgi?section=TaxonDetail&page=taxonDetail&taxon_oid=2503113005
SAR116_cluster_alphaproteobacterium_REDSEA-S10...,"Water column microbial communities from Red Sea, Saudi Arabia",SAR116 cluster alphaproteobacterium REDSEA-S10_B10N8,King Abdullah University of Science and Technology,2651870131,Bacteria,Proteobacteria,Alphaproteobacteria,Unclassified Alphaproteobacteria,Unclassified Alphaproteobacteria,Unclassified Alphaproteobacteria,Unclassified Alphaproteobacteria,1611705,1884,62654,http://www.ncbi.nlm.nih.gov/Taxonomy/Browser/wwwtax.cgi?id=62654,https://img.jgi.doe.gov/cgi-bin/m/main.cgi?section=TaxonDetail&page=taxonDetail&taxon_oid=2651870131
SAR116_cluster_alphaproteobacterium_REDSEA-S2_B12,"Water column microbial communities from Red Sea, Saudi Arabia",SAR116 cluster alphaproteobacterium REDSEA-S2_B12,King Abdullah University of Science and Technology,2654587886,Bacteria,Proteobacteria,Alphaproteobacteria,Unclassified Alphaproteobacteria,Unclassified Alphaproteobacteria,Unclassified Alphaproteobacteria,Unclassified Alphaproteobacteria,1534065,1796,62654,http://www.ncbi.nlm.nih.gov/Taxonomy/Browser/wwwtax.cgi?id=62654,https://img.jgi.doe.gov/cgi-bin/m/main.cgi?section=TaxonDetail&page=taxonDetail&taxon_oid=2654587886
Shewanella_benthica_KT99,Shewanella benthica KT99,Shewanella benthica KT99,J. Craig Venter Institute (JCVI),2501651207,Bacteria,Proteobacteria,Gammaproteobacteria,Alteromonadales,Shewanellaceae,Shewanella,Shewanella benthica,4351589,4475,314608,http://www.ncbi.nlm.nih.gov/Taxonomy/Browser/wwwtax.cgi?id=314608,https://img.jgi.doe.gov/cgi-bin/m/main.cgi?section=TaxonDetail&page=taxonDetail&taxon_oid=2501651207
Sphingomonas_sp_SKA58,Sphingomonas sp. SKA58,Sphingomonas sp. SKA58,J. Craig Venter Institute (JCVI),638341199,Bacteria,Proteobacteria,Alphaproteobacteria,Sphingomonadales,Sphingomonadaceae,Sphingomonas,Unclassified Sphingomonas,3948000,3985,314266,http://www.ncbi.nlm.nih.gov/Taxonomy/Browser/wwwtax.cgi?id=314266,https://img.jgi.doe.gov/cgi-bin/m/main.cgi?section=TaxonDetail&page=taxonDetail&taxon_oid=638341199
Stenotrophomonas_sp_SKA14,Stenotrophomonas sp. SKA14,Stenotrophomonas sp. SKA14,J. Craig Venter Institute (JCVI),647533230,Bacteria,Proteobacteria,Gammaproteobacteria,Xanthomonadales,Xanthomonadaceae,Stenotrophomonas,Unclassified Stenotrophomonas,5020454,4543,391601,http://www.ncbi.nlm.nih.gov/Taxonomy/Browser/wwwtax.cgi?id=391601,https://img.jgi.doe.gov/cgi-bin/m/main.cgi?section=TaxonDetail&page=taxonDetail&taxon_oid=647533230
Sulfitobacter_sp_EE-36,Sulfitobacter sp. EE-36,Sulfitobacter sp. EE-36,J. Craig Venter Institute (JCVI),638341211,Bacteria,Proteobacteria,Alphaproteobacteria,Rhodobacterales,Rhodobacteraceae,Sulfitobacter,Unclassified Sulfitobacter,3547243,3542,52598,http://www.ncbi.nlm.nih.gov/Taxonomy/Browser/wwwtax.cgi?id=52598,https://img.jgi.doe.gov/cgi-bin/m/main.cgi?section=TaxonDetail&page=taxonDetail&taxon_oid=638341211
Sulfitobacter_sp_NAS-141,Sulfitobacter sp. NAS-14.1,Sulfitobacter sp. NAS-14.1,J. Craig Venter Institute (JCVI),638341212,Bacteria,Proteobacteria,Alphaproteobacteria,Rhodobacterales,Rhodobacteraceae,Sulfitobacter,Unclassified Sulfitobacter,4002069,4026,314267,http://www.ncbi.nlm.nih.gov/Taxonomy/Browser/wwwtax.cgi?id=314267,https://img.jgi.doe.gov/cgi-bin/m/main.cgi?section=TaxonDetail&page=taxonDetail&taxon_oid=638341212
Sulfurospirillum_sp_Am-N_draft,Sulfurospirillum sp. Am-N,Sulfurospirillum sp. Am-N (draft),J. Craig Venter Institute (JCVI),2502171155,Bacteria,Proteobacteria,Epsilonproteobacteria,Campylobacterales,Campylobacteraceae,Sulfurospirillum,Unclassified Sulfurospirillum,2264828,2586,160628,http://www.ncbi.nlm.nih.gov/Taxonomy/Browser/wwwtax.cgi?id=160628,https://img.jgi.doe.gov/cgi-bin/m/main.cgi?section=TaxonDetail&page=taxonDetail&taxon_oid=2502171155
Synechococcus_elongatus_PCC_6301,Synechococcus elongatus PCC 6301,Synechococcus elongatus PCC 6301,Nagoya University,637000307,Bacteria,Cyanobacteria,Unclassified Cyanobacteria,Synechococcales,Synechococcaceae,Synechococcus,Synechococcus elongatus,2696255,2585,269084,http://www.ncbi.nlm.nih.gov/Taxonomy/Browser/wwwtax.cgi?id=269084,https://img.jgi.doe.gov/cgi-bin/m/main.cgi?section=TaxonDetail&page=taxonDetail&taxon_oid=637000307
Synechococcus_elongatus_PCC_7942,Synechococcus elongatus PCC7942,Synechococcus elongatus PCC 7942,DOE Joint Genome Institute (JGI),637000308,Bacteria,Cyanobacteria,Unclassified Cyanobacteria,Synechococcales,Synechococcaceae,Synechococcus,Synechococcus elongatus,2742269,2719,1140,http://www.ncbi.nlm.nih.gov/Taxonomy/Browser/wwwtax.cgi?id=1140,https://img.jgi.doe.gov/cgi-bin/m/main.cgi?section=TaxonDetail&page=taxonDetail&taxon_oid=637000308
Synechococcus_sp_7002,"Marine cyanobacterial communities from the University of California, Santa Cruz, USA, analyzing cyanobacterial DNA methylation",Synechococcus sp. 7002,DOE Joint Genome Institute (JGI),2708742468,Bacteria,Cyanobacteria,Unclassified Cyanobacteria,Synechococcales,Synechococcaceae,Synechococcus,Unclassified Synechococcus,3434434,3333,1938862,http://www.ncbi.nlm.nih.gov/Taxonomy/Browser/wwwtax.cgi?id=1938862,https://img.jgi.doe.gov/cgi-bin/m/main.cgi?section=TaxonDetail&page=taxonDetail&taxon_oid=2708742468
Synechococcus_sp_BL107,Synechococcus sp. BL107,Synechococcus sp. BL107,J. Craig Venter Institute (JCVI),639857006,Bacteria,Cyanobacteria,Unclassified Cyanobacteria,Synechococcales,Synechococcaceae,Synechococcus,Unclassified Synechococcus,2283377,2555,313625,http://www.ncbi.nlm.nih.gov/Taxonomy/Browser/wwwtax.cgi?id=313625,https://img.jgi.doe.gov/cgi-bin/m/main.cgi?section=TaxonDetail&page=taxonDetail&taxon_oid=639857006
Synechococcus_sp_CB0101,Synechococcus sp. CB0101,Synechococcus sp. CB0101,J. Craig Venter Institute (JCVI),649990022,Bacteria,Cyanobacteria,Unclassified Cyanobacteria,Synechococcales,Synechococcaceae,Synechococcus,Unclassified Synechococcus,2686395,3049,232348,http://www.ncbi.nlm.nih.gov/Taxonomy/Browser/wwwtax.cgi?id=232348,https://img.jgi.doe.gov/cgi-bin/m/main.cgi?section=TaxonDetail&page=taxonDetail&taxon_oid=649990022
Synechococcus_sp_CB0205,Synechococcus sp. CB0205,Synechococcus sp. CB0205,J. Craig Venter Institute (JCVI),649990023,Bacteria,Cyanobacteria,Unclassified Cyanobacteria,Synechococcales,Synechococcaceae,Synechococcus,Unclassified Synechococcus,2427308,2766,232363,http://www.ncbi.nlm.nih.gov/Taxonomy/Browser/wwwtax.cgi?id=232363,https://img.jgi.doe.gov/cgi-bin/m/main.cgi?section=TaxonDetail&page=taxonDetail&taxon_oid=649990023
Synechococcus_sp_CC9311,Prochlorococcus sp. CC9311,Synechococcus sp. CC9311,J. Craig Venter Institute (JCVI),637000309,Bacteria,Cyanobacteria,Unclassified Cyanobacteria,Synechococcales,Synechococcaceae,Synechococcus,Unclassified Synechococcus,2606748,2951,64471,http://www.ncbi.nlm.nih.gov/Taxonomy/Browser/wwwtax.cgi?id=64471,https://img.jgi.doe.gov/cgi-bin/m/main.cgi?section=TaxonDetail&page=taxonDetail&taxon_oid=637000309
Synechococcus_sp_CC9605,Synechococcus,Synechococcus sp. CC9605,DOE Joint Genome Institute (JGI),637000310,Bacteria,Cyanobacteria,Unclassified Cyanobacteria,Synechococcales,Synechococcaceae,Synechococcus,Unclassified Synechococcus,2510659,2761,110662,http://www.ncbi.nlm.nih.gov/Taxonomy/Browser/wwwtax.cgi?id=110662,https://img.jgi.doe.gov/cgi-bin/m/main.cgi?section=TaxonDetail&page=taxonDetail&taxon_oid=637000310
Synechococcus_sp_CC9616,Synechococcus genomes and the evolution of genome size,Synechococcus sp. CC9616,DOE Joint Genome Institute (JGI),2517093019,Bacteria,Cyanobacteria,Unclassified Cyanobacteria,Synechococcales,Synechococcaceae,Synechococcus,Unclassified Synechococcus,2645910,2958,110663,http://www.ncbi.nlm.nih.gov/Taxonomy/Browser/wwwtax.cgi?id=110663,https://img.jgi.doe.gov/cgi-bin/m/main.cgi?section=TaxonDetail&page=taxonDetail&taxon_oid=2517093019
Synechococcus_sp_CC9902,Synechococcus,Synechococcus sp. CC9902,DOE Joint Genome Institute (JGI),637000311,Bacteria,Cyanobacteria,Unclassified Cyanobacteria,Synechococcales,Synechococcaceae,Synechococcus,Unclassified Synechococcus,2234828,2410,316279,http://www.ncbi.nlm.nih.gov/Taxonomy/Browser/wwwtax.cgi?id=316279,https://img.jgi.doe.gov/cgi-bin/m/main.cgi?section=TaxonDetail&page=taxonDetail&taxon_oid=637000311
Synechococcus_sp_PCC_7336,GEBA-PCC,Synechococcus sp. PCC 7336,DOE Joint Genome Institute (JGI),2506520048,Bacteria,Cyanobacteria,Unclassified Cyanobacteria,Synechococcales,Synechococcaceae,Synechococcus,Unclassified Synechococcus,5140668,4768,195250,http://www.ncbi.nlm.nih.gov/Taxonomy/Browser/wwwtax.cgi?id=195250,https://img.jgi.doe.gov/cgi-bin/m/main.cgi?section=TaxonDetail&page=taxonDetail&taxon_oid=2506520048
Synechococcus_sp_RS9916,Synechococcus sp. RS9916,Synechococcus sp. RS9916,J. Craig Venter Institute (JCVI),639857007,Bacteria,Cyanobacteria,Unclassified Cyanobacteria,Synechococcales,Synechococcaceae,Synechococcus,Unclassified Synechococcus,2664465,3010,221359,http://www.ncbi.nlm.nih.gov/Taxonomy/Browser/wwwtax.cgi?id=221359,https://img.jgi.doe.gov/cgi-bin/m/main.cgi?section=TaxonDetail&page=taxonDetail&taxon_oid=639857007
Synechococcus_sp_RS9917,Synechococcus sp. RS9917,Synechococcus sp. RS9917,J. Craig Venter Institute (JCVI),638341213,Bacteria,Cyanobacteria,Unclassified Cyanobacteria,Synechococcales,Synechococcaceae,Synechococcus,Unclassified Synechococcus,2579542,2822,221360,http://www.ncbi.nlm.nih.gov/Taxonomy/Browser/wwwtax.cgi?id=221360,https://img.jgi.doe.gov/cgi-bin/m/main.cgi?section=TaxonDetail&page=taxonDetail&taxon_oid=638341213
Synechococcus_sp_WH_8016,Synechococcus genomes and the evolution of genome size,Synechococcus sp. WH 8016,DOE Joint Genome Institute (JGI),2507262052,Bacteria,Cyanobacteria,Unclassified Cyanobacteria,Synechococcales,Synechococcaceae,Synechococcus,Unclassified Synechococcus,2706690,3046,166318,http://www.ncbi.nlm.nih.gov/Taxonomy/Browser/wwwtax.cgi?id=166318,https://img.jgi.doe.gov/cgi-bin/m/main.cgi?section=TaxonDetail&page=taxonDetail&taxon_oid=2507262052
Synechococcus_sp_WH_8109,Synechococcus sp. WH 8109,Synechococcus sp. WH 8109,J. Craig Venter Institute (JCVI),2563366603,Bacteria,Cyanobacteria,Unclassified Cyanobacteria,Synechococcales,Synechococcaceae,Synechococcus,Unclassified Synechococcus,2111515,2713,166314,http://www.ncbi.nlm.nih.gov/Taxonomy/Browser/wwwtax.cgi?id=166314,https://img.jgi.doe.gov/cgi-bin/m/main.cgi?section=TaxonDetail&page=taxonDetail&taxon_oid=2563366603
Synechococcus_sp_WH5701,Synechococcus sp. WH5701,Synechococcus sp. WH5701,J. Craig Venter Institute (JCVI),638341214,Bacteria,Cyanobacteria,Unclassified Cyanobacteria,Synechococcales,Synechococcaceae,Synechococcus,Unclassified Synechococcus,3043834,3403,69042,http://www.ncbi.nlm.nih.gov/Taxonomy/Browser/wwwtax.cgi?id=69042,https://img.jgi.doe.gov/cgi-bin/m/main.cgi?section=TaxonDetail&page=taxonDetail&taxon_oid=638341214
Synechococcus_sp_WH7803,Prochlorococcus sp. WH 7803,Synechococcus sp. WH7803,"CEA Genoscope, Institut Pasteur, Roscoff Center for Oceanography",640427149,Bacteria,Cyanobacteria,Unclassified Cyanobacteria,Synechococcales,Synechococcaceae,Synechococcus,Unclassified Synechococcus,2366980,2591,32051,http://www.ncbi.nlm.nih.gov/Taxonomy/Browser/wwwtax.cgi?id=32051,https://img.jgi.doe.gov/cgi-bin/m/main.cgi?section=TaxonDetail&page=taxonDetail&taxon_oid=640427149
Synechococcus_sp_WH7805,Synechococcus sp. WH7805,Synechococcus sp. WH7805,J. Craig Venter Institute (JCVI),638341215,Bacteria,Cyanobacteria,Unclassified Cyanobacteria,Synechococcales,Synechococcaceae,Synechococcus,Unclassified Synechococcus,2620367,2937,59931,http://www.ncbi.nlm.nih.gov/Taxonomy/Browser/wwwtax.cgi?id=59931,https://img.jgi.doe.gov/cgi-bin/m/main.cgi?section=TaxonDetail&page=taxonDetail&taxon_oid=638341215
Synechococcus_sp_WH8102,Synechococcus sp. WH8102,Synechococcus sp. WH8102,DOE Joint Genome Institute (JGI),637000314,Bacteria,Cyanobacteria,Unclassified Cyanobacteria,Synechococcales,Synechococcaceae,Synechococcus,Unclassified Synechococcus,2434428,2588,84588,http://www.ncbi.nlm.nih.gov/Taxonomy/Browser/wwwtax.cgi?id=84588,https://img.jgi.doe.gov/cgi-bin/m/main.cgi?section=TaxonDetail&page=taxonDetail&taxon_oid=637000314
Thalassobium_sp_R2A62,Thalassiobium sp. R2A62,Thalassobium sp. R2A62,J. Craig Venter Institute (JCVI),647533238,Bacteria,Proteobacteria,Alphaproteobacteria,Rhodobacterales,Rhodobacteraceae,Thalassobium,Unclassified Thalassobium,3487925,3744,633131,http://www.ncbi.nlm.nih.gov/Taxonomy/Browser/wwwtax.cgi?id=633131,https://img.jgi.doe.gov/cgi-bin/m/main.cgi?section=TaxonDetail&page=taxonDetail&taxon_oid=647533238
Thermococcus_sp_AM4,Thermococcus sp. AM4,Thermococcus sp. AM4,J. Craig Venter Institute (JCVI),2511231053,Bacteria,Euryarchaeota,Thermococci,Thermococcales,Thermococcaceae,Thermococcus,Unclassified Thermococcus,2086428,2279,246969,http://www.ncbi.nlm.nih.gov/Taxonomy/Browser/wwwtax.cgi?id=246969,https://img.jgi.doe.gov/cgi-bin/m/main.cgi?section=TaxonDetail&page=taxonDetail&taxon_oid=2511231053
Trichodesmium_erythraeum_IMS101,Trichodesmium erythraeum IMS101,Trichodesmium erythraeum IMS101,DOE Joint Genome Institute (JGI),637000329,Bacteria,Cyanobacteria,Unclassified Cyanobacteria,Oscillatoriales,Microcoleaceae,Trichodesmium,Trichodesmium erythraeum,7750108,5156,203124,http://www.ncbi.nlm.nih.gov/Taxonomy/Browser/wwwtax.cgi?id=203124,https://img.jgi.doe.gov/cgi-bin/m/main.cgi?section=TaxonDetail&page=taxonDetail&taxon_oid=637000329
Trichodesmium_thiebautii_H9-4,Trichodesmium thiebautii H9-4 isolate:H9-4 Genome sequencing,Trichodesmium thiebautii H9-4,University of Southern California,2627854162,Archaea,Cyanobacteria,Unclassified Cyanobacteria,Oscillatoriales,Microcoleaceae,Trichodesmium,Trichodesmium thiebautii,3286556,3370,1045877,http://www.ncbi.nlm.nih.gov/Taxonomy/Browser/wwwtax.cgi?id=1045877,https://img.jgi.doe.gov/cgi-bin/m/main.cgi?section=TaxonDetail&page=taxonDetail&taxon_oid=2627854162
Vibrio_alginolyticus_12G01,Vibrio alginolyticus 12G01,Vibrio alginolyticus 12G01,J. Craig Venter Institute (JCVI),638341222,Bacteria,Proteobacteria,Gammaproteobacteria,Vibrionales,Vibrionaceae,Vibrio,Vibrio alginolyticus,5160431,4824,314288,http://www.ncbi.nlm.nih.gov/Taxonomy/Browser/wwwtax.cgi?id=314288,https://img.jgi.doe.gov/cgi-bin/m/main.cgi?section=TaxonDetail&page=taxonDetail&taxon_oid=638341222
Vibrio_campbellii_AND4,Vibrio campbellii AND4,Vibrio campbellii AND4,J. Craig Venter Institute (JCVI),641380451,Archaea,Proteobacteria,Gammaproteobacteria,Vibrionales,Vibrionaceae,Vibrio,Unclassified Vibrio,4255798,4034,314289,http://www.ncbi.nlm.nih.gov/Taxonomy/Browser/wwwtax.cgi?id=314289,https://img.jgi.doe.gov/cgi-bin/m/main.cgi?section=TaxonDetail&page=taxonDetail&taxon_oid=641380451
Vibrio_fischeri_MJ11,Vibrio fischeri MJ11,Vibrio fischeri MJ11,J. Craig Venter Institute (JCVI),642555167,Bacteria,Proteobacteria,Gammaproteobacteria,Vibrionales,Vibrionaceae,Aliivibrio,Aliivibrio fischeri,4503336,4175,388396,http://www.ncbi.nlm.nih.gov/Taxonomy/Browser/wwwtax.cgi?id=388396,https://img.jgi.doe.gov/cgi-bin/m/main.cgi?section=TaxonDetail&page=taxonDetail&taxon_oid=642555167
Vibrio_parahaemolyticus_16,Vibrio parahaemolyticus 16,Vibrio parahaemolyticus 16,J. Craig Venter Institute (JCVI),647533245,Bacteria,Proteobacteria,Gammaproteobacteria,Vibrionales,Vibrionaceae,Vibrio,Unclassified Vibrio,4535833,4136,391586,http://www.ncbi.nlm.nih.gov/Taxonomy/Browser/wwwtax.cgi?id=391586,https://img.jgi.doe.gov/cgi-bin/m/main.cgi?section=TaxonDetail&page=taxonDetail&taxon_oid=647533245
Vibrio_sp_MED222,Vibrio sp. MED222,Vibrio sp. MED222,J. Craig Venter Institute (JCVI),638341230,Bacteria,Proteobacteria,Gammaproteobacteria,Vibrionales,Vibrionaceae,Vibrio,Unclassified Vibrio,4891901,4733,314290,http://www.ncbi.nlm.nih.gov/Taxonomy/Browser/wwwtax.cgi?id=314290,https://img.jgi.doe.gov/cgi-bin/m/main.cgi?section=TaxonDetail&page=taxonDetail&taxon_oid=638341230
Vibrio_splendidus_12B01,Vibrio splendidus 12B01,Vibrio splendidus 12B01,J. Craig Venter Institute (JCVI),638341231,Bacteria,Proteobacteria,Gammaproteobacteria,Vibrionales,Vibrionaceae,Vibrio,Vibrio splendidus,5596386,5346,314291,http://www.ncbi.nlm.nih.gov/Taxonomy/Browser/wwwtax.cgi?id=314291,https://img.jgi.doe.gov/cgi-bin/m/main.cgi?section=TaxonDetail&page=taxonDetail&taxon_oid=638341231
